-- phpMyAdmin SQL Dump
-- version 5.2.0
-- https://www.phpmyadmin.net/
--
-- Host: 127.0.0.1
-- Czas generowania: 02 Lip 2023, 16:07
-- Wersja serwera: 10.4.27-MariaDB
-- Wersja PHP: 8.2.0

SET SQL_MODE = "NO_AUTO_VALUE_ON_ZERO";
START TRANSACTION;
SET time_zone = "+00:00";


/*!40101 SET @OLD_CHARACTER_SET_CLIENT=@@CHARACTER_SET_CLIENT */;
/*!40101 SET @OLD_CHARACTER_SET_RESULTS=@@CHARACTER_SET_RESULTS */;
/*!40101 SET @OLD_COLLATION_CONNECTION=@@COLLATION_CONNECTION */;
/*!40101 SET NAMES utf8mb4 */;

--
-- Baza danych: `dziennik_db25`
--

-- --------------------------------------------------------

--
-- Struktura tabeli dla tabeli `kartkowka`
--

CREATE TABLE `kartkowka` (
                             `id` int(11) NOT NULL,
                             `ocena` int(11) DEFAULT NULL,
                             `data_wystawienia` datetime NOT NULL DEFAULT current_timestamp(),
                             `data_modyfikacji` datetime NOT NULL DEFAULT current_timestamp(),
                             `user_id` int(10) UNSIGNED DEFAULT NULL
) ;

--
-- Zrzut danych tabeli `kartkowka`
--

INSERT INTO `kartkowka` (`id`, `ocena`, `data_wystawienia`, `data_modyfikacji`, `user_id`) VALUES
                                                                                               (120, 2, '2023-06-24 19:24:10', '2023-07-01 10:17:31', 168),
                                                                                               (121, 5, '2023-06-24 19:55:57', '2023-07-02 15:53:53', 169),
                                                                                               (123, 5, '2023-06-25 06:25:56', '2023-06-25 06:25:56', 171),
                                                                                               (124, 2, '2023-06-25 06:29:10', '2023-06-25 06:29:10', 172),
                                                                                               (125, 3, '2023-06-25 08:30:26', '2023-06-25 08:30:26', 173),
                                                                                               (128, 6, '2023-06-26 17:34:51', '2023-06-26 19:20:18', 176),
                                                                                               (129, NULL, '2023-06-26 17:35:49', '2023-06-26 17:35:49', 177),
                                                                                               (130, 2, '2023-06-26 20:07:43', '2023-06-26 20:07:43', 178),
                                                                                               (134, NULL, '2023-06-28 15:01:29', '2023-06-28 15:01:29', 182),
                                                                                               (136, 2, '2023-06-29 19:54:40', '2023-06-29 19:54:40', 185),
                                                                                               (137, 1, '2023-06-29 20:15:41', '2023-06-29 20:15:41', 194),
                                                                                               (157, 2, '2023-06-29 20:54:55', '2023-06-29 20:57:14', 206),
                                                                                               (158, 1, '2023-06-29 20:56:17', '2023-06-29 20:56:51', 207),
                                                                                               (159, 5, '2023-06-30 20:23:46', '2023-06-30 20:24:30', 208),
                                                                                               (162, 5, '2023-07-02 14:46:26', '2023-07-02 14:46:43', 211),
                                                                                               (165, 1, '2023-07-02 15:47:37', '2023-07-02 15:48:01', 214);

-- --------------------------------------------------------

--
-- Struktura tabeli dla tabeli `kontakty`
--

CREATE TABLE `kontakty` (
                            `id` int(11) UNSIGNED NOT NULL,
                            `firstName` varchar(30) NOT NULL,
                            `lastName` varchar(50) NOT NULL,
                            `role_id` tinyint(4) NOT NULL,
                            `email` varchar(100) NOT NULL
) ENGINE=InnoDB DEFAULT CHARSET=utf8 COLLATE=utf8_general_ci;

--
-- Zrzut danych tabeli `kontakty`
--

INSERT INTO `kontakty` (`id`, `firstName`, `lastName`, `role_id`, `email`) VALUES
                                                                               (7, 'Izabela', 'Kowal', 2, 'iza@wp.pl'),
                                                                               (8, 'Ojciec', 'Dyrektor', 3, 'admin@wp.pl');

-- --------------------------------------------------------

--
-- Struktura tabeli dla tabeli `logs`
--

CREATE TABLE `logs` (
                        `id` int(11) UNSIGNED NOT NULL,
                        `user_id` int(11) UNSIGNED NOT NULL,
                        `status` tinyint(1) NOT NULL,
                        `address_ip` varchar(15) NOT NULL,
                        `created_at` datetime NOT NULL DEFAULT current_timestamp()
) ENGINE=InnoDB DEFAULT CHARSET=utf8 COLLATE=utf8_general_ci;

--
-- Zrzut danych tabeli `logs`
--

INSERT INTO `logs` (`id`, `user_id`, `status`, `address_ip`, `created_at`) VALUES
                                                                               (7, 7, 1, '127.0.0.1', '2023-06-16 20:07:18'),
                                                                               (8, 7, 1, '127.0.0.1', '2023-06-16 20:52:59'),
                                                                               (26, 8, 1, '::1', '2023-06-23 11:44:42'),
                                                                               (27, 7, 0, '::1', '2023-06-23 12:27:10'),
                                                                               (28, 7, 1, '::1', '2023-06-23 12:27:21'),
                                                                               (29, 7, 1, '::1', '2023-06-23 12:52:29'),
                                                                               (30, 7, 1, '::1', '2023-06-23 13:06:37'),
                                                                               (31, 7, 1, '::1', '2023-06-23 13:11:18'),
                                                                               (32, 7, 1, '::1', '2023-06-23 15:49:43'),
                                                                               (33, 7, 1, '::1', '2023-06-23 16:04:00'),
                                                                               (34, 8, 1, '::1', '2023-06-23 16:15:13'),
                                                                               (36, 7, 1, '::1', '2023-06-23 16:26:48'),
                                                                               (37, 7, 1, '::1', '2023-06-23 21:02:00'),
                                                                               (38, 7, 1, '::1', '2023-06-24 06:51:33'),
                                                                               (39, 7, 1, '::1', '2023-06-24 07:15:58'),
                                                                               (40, 8, 1, '::1', '2023-06-24 07:16:34'),
                                                                               (41, 7, 1, '::1', '2023-06-24 07:17:21'),
                                                                               (42, 7, 1, '::1', '2023-06-24 07:27:57'),
                                                                               (43, 8, 1, '::1', '2023-06-24 07:36:29'),
                                                                               (44, 7, 1, '::1', '2023-06-24 07:38:10'),
                                                                               (45, 7, 1, '::1', '2023-06-24 07:38:38'),
                                                                               (46, 7, 1, '::1', '2023-06-24 07:52:13'),
                                                                               (47, 7, 1, '::1', '2023-06-24 08:02:06'),
                                                                               (48, 7, 1, '::1', '2023-06-24 09:05:23'),
                                                                               (49, 7, 1, '::1', '2023-06-24 09:26:45'),
                                                                               (50, 7, 1, '::1', '2023-06-24 10:11:54'),
                                                                               (51, 7, 1, '::1', '2023-06-24 10:14:07'),
                                                                               (52, 7, 1, '::1', '2023-06-24 10:27:16'),
                                                                               (53, 7, 1, '::1', '2023-06-24 10:42:48'),
                                                                               (54, 7, 1, '::1', '2023-06-24 10:57:11'),
                                                                               (55, 7, 1, '::1', '2023-06-24 11:05:02'),
                                                                               (56, 7, 1, '::1', '2023-06-24 11:13:39'),
                                                                               (57, 7, 1, '::1', '2023-06-24 11:43:59'),
                                                                               (58, 7, 1, '::1', '2023-06-24 11:49:16'),
                                                                               (59, 7, 1, '::1', '2023-06-24 12:08:38'),
                                                                               (60, 7, 1, '::1', '2023-06-24 12:28:36'),
                                                                               (61, 7, 1, '::1', '2023-06-24 12:41:55'),
                                                                               (62, 7, 1, '::1', '2023-06-24 12:46:41'),
                                                                               (63, 7, 1, '::1', '2023-06-24 12:49:02'),
                                                                               (64, 7, 1, '::1', '2023-06-24 13:10:00'),
                                                                               (65, 7, 1, '::1', '2023-06-24 13:11:13'),
                                                                               (66, 7, 1, '::1', '2023-06-24 13:20:00'),
                                                                               (67, 7, 1, '::1', '2023-06-24 13:39:49'),
                                                                               (68, 7, 0, '::1', '2023-06-24 13:44:37'),
                                                                               (69, 7, 1, '::1', '2023-06-24 13:44:47'),
                                                                               (70, 7, 0, '::1', '2023-06-24 14:01:28'),
                                                                               (71, 7, 1, '::1', '2023-06-24 14:01:37'),
                                                                               (72, 7, 1, '::1', '2023-06-24 14:16:53'),
                                                                               (74, 8, 1, '::1', '2023-06-24 15:38:52'),
                                                                               (75, 7, 1, '::1', '2023-06-24 15:39:10'),
                                                                               (76, 7, 1, '::1', '2023-06-24 15:39:11'),
                                                                               (77, 7, 1, '::1', '2023-06-24 16:32:54'),
                                                                               (78, 7, 1, '::1', '2023-06-24 16:35:31'),
                                                                               (79, 8, 1, '::1', '2023-06-24 16:37:17'),
                                                                               (80, 7, 1, '::1', '2023-06-24 16:37:51'),
                                                                               (81, 7, 1, '::1', '2023-06-24 16:39:13'),
                                                                               (82, 7, 1, '::1', '2023-06-24 16:40:58'),
                                                                               (83, 7, 1, '::1', '2023-06-24 17:00:57'),
                                                                               (84, 7, 1, '::1', '2023-06-24 17:45:03'),
                                                                               (85, 7, 1, '::1', '2023-06-24 18:17:30'),
                                                                               (86, 7, 1, '::1', '2023-06-24 18:39:03'),
                                                                               (87, 7, 1, '::1', '2023-06-24 18:56:06'),
                                                                               (88, 8, 1, '::1', '2023-06-24 19:17:31'),
                                                                               (89, 7, 1, '::1', '2023-06-24 19:19:07'),
                                                                               (90, 7, 1, '::1', '2023-06-24 19:19:42'),
                                                                               (91, 7, 1, '::1', '2023-06-25 06:26:14'),
                                                                               (92, 7, 1, '::1', '2023-06-25 07:44:09'),
                                                                               (93, 7, 1, '::1', '2023-06-25 07:53:07'),
                                                                               (94, 7, 1, '::1', '2023-06-25 07:57:03'),
                                                                               (95, 7, 1, '::1', '2023-06-25 07:59:27'),
                                                                               (96, 7, 1, '::1', '2023-06-25 08:00:54'),
                                                                               (97, 7, 1, '::1', '2023-06-25 08:10:08'),
                                                                               (98, 7, 1, '::1', '2023-06-25 08:15:36'),
                                                                               (99, 7, 1, '::1', '2023-06-25 08:22:07'),
                                                                               (100, 7, 1, '::1', '2023-06-25 09:34:41'),
                                                                               (101, 7, 1, '::1', '2023-06-25 10:20:08'),
                                                                               (102, 7, 1, '::1', '2023-06-25 10:50:40'),
                                                                               (103, 7, 1, '::1', '2023-06-25 12:40:48'),
                                                                               (104, 7, 1, '::1', '2023-06-25 20:59:02'),
                                                                               (105, 7, 1, '::1', '2023-06-26 17:32:19'),
                                                                               (106, 7, 1, '::1', '2023-06-26 17:33:45'),
                                                                               (107, 7, 1, '::1', '2023-06-26 19:29:07'),
                                                                               (108, 7, 1, '::1', '2023-06-26 19:32:46'),
                                                                               (109, 7, 1, '::1', '2023-06-26 19:37:04'),
                                                                               (110, 7, 1, '::1', '2023-06-26 20:34:19'),
                                                                               (111, 7, 0, '::1', '2023-06-27 19:01:21'),
                                                                               (112, 172, 1, '::1', '2023-06-27 19:02:45'),
                                                                               (113, 172, 1, '::1', '2023-06-27 19:06:09'),
                                                                               (114, 172, 1, '::1', '2023-06-27 19:07:25'),
                                                                               (115, 172, 1, '::1', '2023-06-27 19:39:11'),
                                                                               (116, 172, 1, '::1', '2023-06-27 19:41:10'),
                                                                               (117, 172, 1, '::1', '2023-06-27 19:54:56'),
                                                                               (118, 7, 1, '::1', '2023-06-27 20:03:25'),
                                                                               (119, 172, 1, '::1', '2023-06-27 20:06:02'),
                                                                               (120, 8, 1, '::1', '2023-06-27 20:32:51'),
                                                                               (121, 7, 1, '::1', '2023-06-27 20:35:50'),
                                                                               (122, 172, 1, '::1', '2023-06-27 20:49:33'),
                                                                               (123, 8, 1, '::1', '2023-06-27 20:49:55'),
                                                                               (124, 172, 1, '::1', '2023-06-27 20:56:44'),
                                                                               (125, 8, 1, '::1', '2023-06-27 20:57:09'),
                                                                               (126, 7, 1, '::1', '2023-06-27 20:57:55'),
                                                                               (127, 7, 1, '::1', '2023-06-27 20:58:28'),
                                                                               (128, 172, 1, '::1', '2023-06-27 21:01:08'),
                                                                               (129, 7, 1, '::1', '2023-06-27 21:01:27'),
                                                                               (130, 172, 1, '::1', '2023-06-27 21:03:12'),
                                                                               (131, 172, 1, '::1', '2023-06-27 21:18:49'),
                                                                               (132, 172, 1, '::1', '2023-06-27 21:20:16'),
                                                                               (133, 172, 1, '::1', '2023-06-28 14:38:14'),
                                                                               (134, 7, 1, '::1', '2023-06-28 18:13:08'),
                                                                               (135, 172, 1, '::1', '2023-06-28 18:16:27'),
                                                                               (136, 172, 1, '::1', '2023-06-28 18:24:49'),
                                                                               (137, 172, 1, '::1', '2023-06-28 18:55:12'),
                                                                               (138, 171, 1, '::1', '2023-06-28 19:03:01'),
                                                                               (139, 171, 1, '::1', '2023-06-28 19:05:32'),
                                                                               (140, 7, 1, '::1', '2023-06-28 19:17:29'),
                                                                               (141, 171, 1, '::1', '2023-06-28 19:19:30'),
                                                                               (142, 7, 1, '::1', '2023-06-29 19:49:32'),
                                                                               (143, 7, 1, '::1', '2023-06-29 19:57:32'),
                                                                               (144, 7, 1, '::1', '2023-06-29 20:05:37'),
                                                                               (145, 7, 1, '::1', '2023-06-29 20:11:06'),
                                                                               (146, 7, 1, '::1', '2023-06-29 20:16:10'),
                                                                               (147, 7, 1, '::1', '2023-06-29 20:18:48'),
                                                                               (148, 7, 1, '::1', '2023-06-29 20:34:13'),
                                                                               (149, 8, 1, '::1', '2023-06-29 20:40:28'),
                                                                               (150, 7, 1, '::1', '2023-06-29 20:56:38'),
                                                                               (151, 7, 1, '::1', '2023-06-30 18:13:13'),
                                                                               (152, 7, 1, '::1', '2023-06-30 19:49:38'),
                                                                               (153, 7, 1, '::1', '2023-06-30 19:49:49'),
                                                                               (154, 7, 1, '::1', '2023-06-30 19:53:43'),
                                                                               (155, 7, 1, '::1', '2023-06-30 19:57:58'),
                                                                               (156, 7, 1, '::1', '2023-06-30 19:58:15'),
                                                                               (157, 7, 1, '::1', '2023-06-30 19:58:29'),
                                                                               (158, 7, 1, '::1', '2023-06-30 20:01:00'),
                                                                               (159, 8, 1, '::1', '2023-06-30 20:18:03'),
                                                                               (160, 7, 1, '::1', '2023-06-30 20:20:27'),
                                                                               (161, 7, 1, '::1', '2023-06-30 20:22:00'),
                                                                               (162, 7, 1, '::1', '2023-06-30 20:26:03'),
                                                                               (163, 7, 1, '::1', '2023-06-30 20:39:48'),
                                                                               (164, 7, 1, '::1', '2023-06-30 20:40:30'),
                                                                               (165, 7, 1, '::1', '2023-06-30 21:36:09'),
                                                                               (166, 7, 1, '::1', '2023-06-30 21:36:10'),
                                                                               (167, 7, 1, '::1', '2023-07-01 08:11:33'),
                                                                               (168, 7, 1, '::1', '2023-07-01 08:24:06'),
                                                                               (169, 7, 1, '::1', '2023-07-01 08:26:36'),
                                                                               (170, 7, 1, '::1', '2023-07-01 11:08:05'),
                                                                               (171, 7, 1, '::1', '2023-07-01 11:09:23'),
                                                                               (172, 7, 1, '::1', '2023-07-01 11:09:37'),
                                                                               (173, 7, 1, '::1', '2023-07-01 11:11:19'),
                                                                               (174, 7, 1, '::1', '2023-07-01 11:11:30'),
                                                                               (175, 7, 1, '::1', '2023-07-01 11:11:45'),
                                                                               (176, 172, 1, '::1', '2023-07-01 11:12:59'),
                                                                               (177, 169, 0, '::1', '2023-07-01 11:38:28'),
                                                                               (178, 169, 0, '::1', '2023-07-01 11:38:48'),
                                                                               (179, 7, 1, '::1', '2023-07-01 11:39:05'),
                                                                               (180, 169, 0, '::1', '2023-07-01 11:39:23'),
                                                                               (181, 169, 1, '::1', '2023-07-01 11:39:32'),
                                                                               (182, 172, 1, '::1', '2023-07-01 11:39:52'),
                                                                               (183, 172, 1, '::1', '2023-07-01 11:41:56'),
                                                                               (184, 7, 1, '::1', '2023-07-01 11:42:21'),
                                                                               (185, 7, 1, '::1', '2023-07-01 11:42:54'),
                                                                               (186, 172, 1, '::1', '2023-07-01 11:43:47'),
                                                                               (187, 172, 1, '::1', '2023-07-01 11:44:55'),
                                                                               (188, 172, 1, '::1', '2023-07-01 11:46:59'),
                                                                               (189, 172, 1, '::1', '2023-07-01 11:49:22'),
                                                                               (190, 172, 1, '::1', '2023-07-01 11:50:08'),
                                                                               (191, 169, 1, '::1', '2023-07-01 11:57:58'),
                                                                               (192, 169, 0, '::1', '2023-07-01 12:44:55'),
                                                                               (193, 169, 1, '::1', '2023-07-01 12:45:01'),
                                                                               (194, 169, 1, '::1', '2023-07-01 12:51:41'),
                                                                               (195, 169, 1, '::1', '2023-07-01 12:55:11'),
                                                                               (196, 169, 1, '::1', '2023-07-01 13:14:50'),
                                                                               (197, 7, 1, '::1', '2023-07-01 13:15:54'),
                                                                               (198, 7, 1, '::1', '2023-07-01 14:28:04'),
                                                                               (199, 169, 1, '::1', '2023-07-01 14:28:54'),
                                                                               (200, 169, 1, '::1', '2023-07-01 14:30:47'),
                                                                               (201, 169, 1, '::1', '2023-07-01 14:32:39'),
                                                                               (202, 169, 1, '::1', '2023-07-01 14:40:10'),
                                                                               (203, 7, 1, '::1', '2023-07-01 14:47:53'),
                                                                               (204, 169, 1, '::1', '2023-07-01 14:49:00'),
                                                                               (205, 7, 1, '::1', '2023-07-01 15:17:43'),
                                                                               (206, 169, 1, '::1', '2023-07-01 15:25:56'),
                                                                               (207, 7, 1, '::1', '2023-07-01 15:28:38'),
                                                                               (208, 7, 1, '::1', '2023-07-01 15:29:13'),
                                                                               (209, 8, 1, '::1', '2023-07-01 15:30:01'),
                                                                               (210, 8, 1, '::1', '2023-07-01 15:31:12'),
                                                                               (211, 7, 1, '::1', '2023-07-01 15:37:14'),
                                                                               (212, 7, 1, '::1', '2023-07-01 15:37:34'),
                                                                               (213, 7, 1, '::1', '2023-07-01 15:42:53'),
                                                                               (214, 169, 1, '::1', '2023-07-01 15:45:43'),
                                                                               (215, 169, 1, '::1', '2023-07-01 16:04:04'),
                                                                               (216, 169, 1, '::1', '2023-07-02 08:54:01'),
                                                                               (217, 169, 1, '::1', '2023-07-02 09:19:48'),
                                                                               (218, 169, 1, '::1', '2023-07-02 10:05:08'),
                                                                               (219, 172, 1, '::1', '2023-07-02 11:07:04'),
                                                                               (220, 172, 1, '::1', '2023-07-02 11:33:55'),
                                                                               (221, 172, 1, '::1', '2023-07-02 11:34:56'),
                                                                               (222, 7, 1, '::1', '2023-07-02 11:36:03'),
                                                                               (223, 172, 1, '::1', '2023-07-02 11:36:34'),
                                                                               (224, 172, 1, '::1', '2023-07-02 11:39:10'),
                                                                               (225, 172, 1, '::1', '2023-07-02 14:21:20'),
                                                                               (226, 169, 1, '::1', '2023-07-02 14:21:41'),
                                                                               (227, 172, 1, '::1', '2023-07-02 14:24:38'),
                                                                               (228, 172, 1, '::1', '2023-07-02 14:26:28'),
                                                                               (229, 172, 1, '::1', '2023-07-02 14:33:15'),
                                                                               (230, 7, 1, '::1', '2023-07-02 14:46:02'),
                                                                               (231, 211, 1, '::1', '2023-07-02 14:47:07'),
                                                                               (232, 7, 1, '::1', '2023-07-02 14:47:25'),
                                                                               (233, 7, 1, '::1', '2023-07-02 14:47:53'),
                                                                               (234, 7, 1, '::1', '2023-07-02 14:48:06'),
                                                                               (235, 8, 1, '::1', '2023-07-02 14:49:15'),
                                                                               (236, 211, 1, '::1', '2023-07-02 14:50:10'),
                                                                               (237, 7, 1, '::1', '2023-07-02 14:51:31'),
                                                                               (238, 8, 1, '::1', '2023-07-02 14:51:49'),
                                                                               (239, 7, 0, '::1', '2023-07-02 14:52:40'),
                                                                               (240, 7, 1, '::1', '2023-07-02 14:52:49'),
                                                                               (241, 7, 1, '::1', '2023-07-02 15:05:37'),
                                                                               (242, 8, 1, '::1', '2023-07-02 15:09:01'),
                                                                               (243, 169, 1, '::1', '2023-07-02 15:10:50'),
                                                                               (244, 172, 1, '::1', '2023-07-02 15:11:45'),
                                                                               (245, 7, 1, '::1', '2023-07-02 15:13:18'),
                                                                               (247, 7, 1, '::1', '2023-07-02 15:18:39'),
                                                                               (248, 8, 1, '::1', '2023-07-02 15:19:31'),
                                                                               (249, 7, 1, '::1', '2023-07-02 15:43:00'),
                                                                               (250, 8, 1, '::1', '2023-07-02 15:44:38'),
                                                                               (251, 7, 1, '::1', '2023-07-02 15:47:50'),
                                                                               (252, 8, 1, '::1', '2023-07-02 15:48:27'),
                                                                               (253, 8, 1, '::1', '2023-07-02 15:49:20'),
                                                                               (254, 8, 1, '::1', '2023-07-02 15:50:06'),
                                                                               (255, 7, 1, '::1', '2023-07-02 15:50:31'),
                                                                               (256, 8, 1, '::1', '2023-07-02 15:52:31'),
                                                                               (257, 7, 1, '::1', '2023-07-02 15:54:08');

-- --------------------------------------------------------

--
-- Struktura tabeli dla tabeli `nauczyciele`
--

CREATE TABLE `nauczyciele` (
                               `id` int(11) UNSIGNED NOT NULL,
                               `firstName` varchar(30) NOT NULL,
                               `lastName` varchar(50) NOT NULL,
                               `role_id` tinyint(4) NOT NULL
) ENGINE=InnoDB DEFAULT CHARSET=utf8 COLLATE=utf8_general_ci;

--
-- Zrzut danych tabeli `nauczyciele`
--

INSERT INTO `nauczyciele` (`id`, `firstName`, `lastName`, `role_id`) VALUES
    (7, 'Izabela', 'Kowal', 2);

-- --------------------------------------------------------

--
-- Struktura tabeli dla tabeli `new_uczen`
--

CREATE TABLE `new_uczen` (
                             `id` int(11) UNSIGNED NOT NULL,
                             `firstName` varchar(30) NOT NULL,
                             `lastName` varchar(50) NOT NULL,
                             `role_id` tinyint(4) NOT NULL
) ENGINE=InnoDB DEFAULT CHARSET=utf8 COLLATE=utf8_general_ci;

--
-- Zrzut danych tabeli `new_uczen`
--

INSERT INTO `new_uczen` (`id`, `firstName`, `lastName`, `role_id`) VALUES
                                                                       (1, 'Imię', 'Nazwisko', 1),
                                                                       (2, 'Imię', 'Nazwisko', 1);

-- --------------------------------------------------------

--
-- Struktura tabeli dla tabeli `odpowiedz`
--

CREATE TABLE `odpowiedz` (
                             `id` int(11) NOT NULL,
                             `ocena` int(11) DEFAULT NULL,
                             `data_wystawienia` datetime NOT NULL DEFAULT current_timestamp(),
                             `data_modyfikacji` datetime NOT NULL DEFAULT current_timestamp(),
                             `user_id` int(10) UNSIGNED DEFAULT NULL
) ;

--
-- Zrzut danych tabeli `odpowiedz`
--

INSERT INTO `odpowiedz` (`id`, `ocena`, `data_wystawienia`, `data_modyfikacji`, `user_id`) VALUES
                                                                                               (84, 2, '2023-06-24 19:24:10', '2023-07-01 10:17:31', 168),
                                                                                               (85, 5, '2023-06-24 19:55:57', '2023-07-02 15:53:53', 169),
                                                                                               (87, 5, '2023-06-25 06:25:56', '2023-06-25 06:25:56', 171),
                                                                                               (88, 2, '2023-06-25 06:29:11', '2023-06-25 06:29:11', 172),
                                                                                               (89, 3, '2023-06-25 08:30:26', '2023-06-25 08:30:26', 173),
                                                                                               (92, 6, '2023-06-26 17:34:52', '2023-06-26 19:20:18', 176),
                                                                                               (93, NULL, '2023-06-26 17:35:49', '2023-06-26 17:35:49', 177),
                                                                                               (94, 2, '2023-06-26 20:07:43', '2023-06-26 20:07:43', 178),
                                                                                               (98, NULL, '2023-06-28 15:01:29', '2023-06-28 15:01:29', 182),
                                                                                               (100, 2, '2023-06-29 19:54:40', '2023-06-29 19:54:40', 185),
                                                                                               (101, 1, '2023-06-29 20:15:41', '2023-06-29 20:15:41', 194),
                                                                                               (118, 2, '2023-06-29 20:54:55', '2023-06-29 20:57:14', 206),
                                                                                               (119, 1, '2023-06-29 20:56:17', '2023-06-29 20:56:51', 207),
                                                                                               (120, 5, '2023-06-30 20:23:47', '2023-06-30 20:24:31', 208),
                                                                                               (123, 5, '2023-07-02 14:46:27', '2023-07-02 14:46:43', 211),
                                                                                               (126, 1, '2023-07-02 15:47:37', '2023-07-02 15:48:01', 214);

-- --------------------------------------------------------

--
-- Struktura tabeli dla tabeli `roles`
--

CREATE TABLE `roles` (
                         `id` tinyint(4) NOT NULL,
                         `role` enum('uczen','nauczyciel','administrator') NOT NULL
) ENGINE=InnoDB DEFAULT CHARSET=utf8 COLLATE=utf8_general_ci;

--
-- Zrzut danych tabeli `roles`
--

INSERT INTO `roles` (`id`, `role`) VALUES
                                       (1, 'uczen'),
                                       (2, 'nauczyciel'),
                                       (3, 'administrator');

-- --------------------------------------------------------

--
-- Struktura tabeli dla tabeli `sprawdzian`
--

CREATE TABLE `sprawdzian` (
                              `id` int(11) NOT NULL,
                              `ocena` int(11) DEFAULT NULL,
                              `data_wystawienia` datetime NOT NULL DEFAULT current_timestamp(),
                              `data_modyfikacji` datetime NOT NULL DEFAULT current_timestamp(),
                              `user_id` int(10) UNSIGNED DEFAULT NULL
) ;

--
-- Zrzut danych tabeli `sprawdzian`
--

INSERT INTO `sprawdzian` (`id`, `ocena`, `data_wystawienia`, `data_modyfikacji`, `user_id`) VALUES
                                                                                                (69, 2, '2023-06-24 19:24:10', '2023-07-01 10:17:31', 168),
                                                                                                (70, 5, '2023-06-24 19:55:57', '2023-07-02 15:53:53', 169),
                                                                                                (72, 5, '2023-06-25 06:25:56', '2023-06-25 06:25:56', 171),
                                                                                                (73, 2, '2023-06-25 06:29:11', '2023-06-25 06:29:11', 172),
                                                                                                (74, 3, '2023-06-25 08:30:26', '2023-06-25 08:30:26', 173),
                                                                                                (77, 6, '2023-06-26 17:34:52', '2023-06-26 19:20:18', 176),
                                                                                                (78, NULL, '2023-06-26 17:35:49', '2023-06-26 17:35:49', 177),
                                                                                                (79, 2, '2023-06-26 20:07:43', '2023-06-26 20:07:43', 178),
                                                                                                (83, NULL, '2023-06-28 15:01:29', '2023-06-28 15:01:29', 182),
                                                                                                (85, 2, '2023-06-29 19:54:40', '2023-06-29 19:54:40', 185),
                                                                                                (86, 1, '2023-06-29 20:15:41', '2023-06-29 20:15:41', 194),
                                                                                                (103, 2, '2023-06-29 20:54:55', '2023-06-29 20:57:14', 206),
                                                                                                (104, 1, '2023-06-29 20:56:17', '2023-06-29 20:56:51', 207),
                                                                                                (105, 5, '2023-06-30 20:23:46', '2023-06-30 20:24:30', 208),
                                                                                                (108, 5, '2023-07-02 14:46:27', '2023-07-02 14:46:43', 211),
                                                                                                (111, 1, '2023-07-02 15:47:37', '2023-07-02 15:48:01', 214);

-- --------------------------------------------------------

--
-- Struktura tabeli dla tabeli `uczniowie`
--

CREATE TABLE `uczniowie` (
                             `id` int(11) UNSIGNED NOT NULL,
                             `firstName` varchar(30) NOT NULL,
                             `lastName` varchar(50) NOT NULL,
                             `role_id` tinyint(4) NOT NULL
) ENGINE=InnoDB DEFAULT CHARSET=utf8 COLLATE=utf8_general_ci;

--
-- Zrzut danych tabeli `uczniowie`
--

INSERT INTO `uczniowie` (`id`, `firstName`, `lastName`, `role_id`) VALUES
    (10, 'Ada', 'Adkowska', 1);

-- --------------------------------------------------------

--
-- Struktura tabeli dla tabeli `users`
--

CREATE TABLE `users` (
                         `id` int(10) UNSIGNED NOT NULL,
                         `email` varchar(60) NOT NULL,
                         `role_id` tinyint(4) NOT NULL DEFAULT 1,
                         `firstName` varchar(30) NOT NULL,
                         `lastName` varchar(50) NOT NULL,
                         `birthday` date NOT NULL,
                         `password` varchar(100) NOT NULL,
                         `logo` varchar(100) NOT NULL,
                         `created_at` datetime NOT NULL DEFAULT current_timestamp()
) ENGINE=InnoDB DEFAULT CHARSET=utf8 COLLATE=utf8_general_ci;

--
-- Zrzut danych tabeli `users`
--

INSERT INTO `users` (`id`, `email`, `role_id`, `firstName`, `lastName`, `birthday`, `password`, `logo`, `created_at`) VALUES
                                                                                                                          (7, 'iza@wp.pl', 2, 'Izabela', 'Kowal', '2000-02-02', '$argon2id$v=19$m=65536,t=4,p=1$RjZxNU9DNEdvV0dZL3Z4Zw$VmwdCmDg1vCcrjbIyT/5sc4WKCyE/d+zxjnJ7WGaPYo', '', '2023-06-13 21:44:53'),
                                                                                                                          (8, 'admin@wp.pl', 3, 'Ojciec', 'Dyrektor', '1900-06-01', '$argon2id$v=19$m=65536,t=4,p=1$c1l2eWFoVFI4aHR1dXRBVA$HquwCvSriUN6gEE3Mpth9+u8E6M38WXVGueNFLwuz/0', '', '2023-06-13 21:50:22'),
                                                                                                                          (168, 'aaa11@wp.pl', 1, 'q', 'q', '0000-00-00', '$2y$10$Pnj.FraonJlEmchnhuaZveR3NtxJOoUO1cC5oAURkrHbLyTCSyAGe', '', '2023-06-24 19:24:10'),
                                                                                                                          (169, 'piotrkubis1989@gmail.com', 1, 'Piotr', 'Kubis', '0000-00-00', '$2y$10$TiQNMCZaAl.pq.CWanlbfun9vNfoGsDH9P2j47pCenJE1jZRHu7aG', '', '2023-06-24 19:55:57'),
                                                                                                                          (171, 'aaa@o2.pl', 1, 'aaa', 'aaa', '0000-00-00', '$2y$10$JGxHWbfYV5AiiSxX9bPmi.6vUGyCnXPoUBAWezYJGkci8x9.f2rRG', '', '2023-06-25 06:25:54'),
                                                                                                                          (172, 'bbb@wp.pl', 1, 'bbb', 'bbb', '0000-00-00', '$2y$10$0M94.vIJFIK92S29ZOJxN.0Oxc9OQUZJ1qa06XTW2LiTScjA.2aci', '', '2023-06-25 06:29:10'),
                                                                                                                          (173, 'ccc@wp.pl', 1, 'ccc', 'ccc', '0000-00-00', '$2y$10$2/WqvDJwqO45d.34mfD9qegzV7bb8b/6kW9gGFo2vVYWsxYfwN1Ki', '', '2023-06-25 08:30:26'),
                                                                                                                          (176, 'marcin.kuras@poczta.onet.pl', 1, 'Marcin ', 'Kreatyński', '0000-00-00', '$2y$10$DWnJGDs0nSu5qkvX8S9N2uR49l7FhlD2KSajeNdJiDlpG1mKcPjne', '', '2023-06-26 17:34:51'),
                                                                                                                          (177, 'izabelakozibura@gmail.com', 1, 'Izabela', 'Bliźniak', '0000-00-00', '$2y$10$GRI5t6QXyP7CHSziUf/XAewzSqVK3TtYLpnYyQeDTDmBAuSRXXVNa', '', '2023-06-26 17:35:49'),
                                                                                                                          (178, 'fdfdsf@dad', 1, 'sdfdfd', 'fsdfsf', '0000-00-00', '$2y$10$ud4c/n9ShzaSGdCiKmU68uf2yp/Y2KDHbLCS8KJT.szBHVFapxLiq', '', '2023-06-26 20:07:43'),
                                                                                                                          (182, 'sss@sss', 1, 'ss', 'sss', '0000-00-00', '$2y$10$uvyaXIfMlk2vaZAua83eAuib58K9mgDG/Uo5z9unazhkaY0DzdZVy', '', '2023-06-28 15:01:29'),
                                                                                                                          (184, 'ada@wp.pl', 1, 'ada', 'adkowska', '2023-05-31', '$argon2id$v=19$m=65536,t=4,p=1$T2lra293TkRIUFlUY05CSQ$UG/Y12odQqe4DgPSJcyEBC3Asc7iCxu/wwSZqbzG7yU', '', '2023-06-28 18:12:52'),
                                                                                                                          (185, 'www@www', 1, 'www', 'www', '0000-00-00', '$2y$10$pPP2lFW/VN9RDxFq/PLxreeuR2lsLwNothJjeDPrK3cSPd3lOpvQa', '', '2023-06-29 19:54:40'),
                                                                                                                          (186, 'jac@wp.pl', 1, 'jacek', 'placek', '2023-05-30', '$argon2id$v=19$m=65536,t=4,p=1$NVNOMFNic0pGLmtTQlhHWA$glolqQ/cRmntVC90p+/7iK3tD6YzUXK6TDjzaXa0HqA', '', '2023-06-29 19:57:23'),
                                                                                                                          (188, 'ocena@wp.pl', 1, 'ocena', 'ocena', '2023-05-31', '$argon2id$v=19$m=65536,t=4,p=1$UmhLZTFOL01oTjlGck13dA$HW5mOErfiKEuaGItgLU0e+2CbFU8GEgVDgO3L6HqQzs', '', '2023-06-29 20:03:28'),
                                                                                                                          (190, 'ocena1@wp.pl', 1, 'ocena', 'ocena', '2023-05-31', '$argon2id$v=19$m=65536,t=4,p=1$bkFXQ3NmMWZrUXNUQmtHMw$Bln5uB+KVF565gnrWEWoeE/Kg9g32EkyhC0Rs7J3vag', '', '2023-06-29 20:04:54'),
                                                                                                                          (191, 'ocena2@wp.pl', 1, 'ocena', 'ocena', '2023-05-31', '$argon2id$v=19$m=65536,t=4,p=1$ZkQzNEVVTm92bVN3TDZSLw$Un0UiZYpadJDVQLxuRy2/TB50Ccgdyq1nxyJWS/KZxw', '', '2023-06-29 20:05:26'),
                                                                                                                          (192, 'nowu@wp.pl', 1, 'nowu', 'nowu', '2023-05-29', '$argon2id$v=19$m=65536,t=4,p=1$Z2hEbXZueTkzelpNRnk3WQ$luqrRsLYfQd/lM7N9qlw6PtEZCAK8/dGVLHUdEsKNug', '', '2023-06-29 20:09:09'),
                                                                                                                          (193, 'n@wp.pl', 1, 'nowy', 'nowy', '2023-05-29', '$argon2id$v=19$m=65536,t=4,p=1$L0ZkMFBhYjBqdjEwYzJlbA$MvShaKmUtNoVikHEGrRbdPtsudi/GlqanPTCusNdhg4', '', '2023-06-29 20:12:36'),
                                                                                                                          (194, 'n1@wp.pl', 1, 'nowy1', 'nowy1', '2001-02-20', '$argon2id$v=19$m=65536,t=4,p=1$dmswSUJ5U0ZPc0w3UmlOMg$OcAG+mHbJKqcgB7b7RpgtwneHeyc0j2c8rhijenKGzc', '', '2023-06-29 20:15:41'),
                                                                                                                          (206, 'r@wp.pl', 1, 'rr', 'rr', '0000-00-00', '$2y$10$23Gkqmtm4zZ.EADxj/rNHunutfj2a8db50yMqgiuHIT/ek4fOJyR2', '', '2023-06-29 20:54:55'),
                                                                                                                          (207, 'h@wp.pl', 1, 'h', 'h', '1122-11-11', '$argon2id$v=19$m=65536,t=4,p=1$NndLcXJrZXloN3RFOXRzeQ$6bHbWr8eIzc0IhnWdZGlitKP6pGCOVyc6+rW4oRKInk', '', '2023-06-29 20:56:17'),
                                                                                                                          (208, 'testDu@wp.pl', 1, 'testDU', 'testDU', '0000-00-00', '$2y$10$TESwBeHrB6YLHN.yrgV9VOZcD3cmSXrXnBJEpqw02x4YYlWNgWdXq', '', '2023-06-30 20:23:45'),
                                                                                                                          (211, 'nnn@wp.pl', 1, 'nnn', 'ann', '0000-00-00', '$2y$10$KufzXsXwTBy1FAGPE4fu4..qoUtKsowmaedeIPzlLnpVhpJn/6JKu', '', '2023-07-02 14:46:26'),
                                                                                                                          (214, 'k2@wp.pl', 1, 'klaudiusz', 'klaudiusz', '2023-06-29', '$argon2id$v=19$m=65536,t=4,p=1$dWk0T254clNzUk5jZktRRw$KXpgt14m0JgzONC+5B8L2f5e5Ra1/4hV1AShEdtkmIE', '', '2023-07-02 15:47:37');

-- --------------------------------------------------------

--
-- Struktura tabeli dla tabeli `wszystko`
--

CREATE TABLE `wszystko` (
                            `id` int(11) UNSIGNED NOT NULL,
                            `kartkowka` int(11) DEFAULT NULL,
                            `sprawdzian` int(11) DEFAULT NULL,
                            `odpowiedz` int(11) DEFAULT NULL,
                            `srednia` decimal(5,2) DEFAULT NULL,
                            `firstName` varchar(30) DEFAULT NULL,
                            `lastName` varchar(50) DEFAULT NULL,
                            `user_id` int(10) UNSIGNED DEFAULT NULL
) ENGINE=InnoDB DEFAULT CHARSET=utf8 COLLATE=utf8_general_ci;

--
-- Zrzut danych tabeli `wszystko`
--

INSERT INTO `wszystko` (`id`, `kartkowka`, `sprawdzian`, `odpowiedz`, `srednia`, `firstName`, `lastName`, `user_id`) VALUES
                                                                                                                         (7, NULL, NULL, NULL, NULL, 'Izabela', 'Kowal', 7),
                                                                                                                         (8, NULL, NULL, NULL, NULL, 'Ojciec', 'Dyrektor', 8);

--
-- Indeksy dla zrzutów tabel
--

--
-- Indeksy dla tabeli `kartkowka`
--
ALTER TABLE `kartkowka`
    ADD PRIMARY KEY (`id`),
  ADD UNIQUE KEY `id` (`id`),
  ADD KEY `user_id` (`user_id`);

--
-- Indeksy dla tabeli `kontakty`
--
ALTER TABLE `kontakty`
    ADD PRIMARY KEY (`id`),
  ADD KEY `role_id` (`role_id`);

--
-- Indeksy dla tabeli `logs`
--
ALTER TABLE `logs`
    ADD PRIMARY KEY (`id`),
  ADD KEY `user_id` (`user_id`);

--
-- Indeksy dla tabeli `nauczyciele`
--
ALTER TABLE `nauczyciele`
    ADD PRIMARY KEY (`id`),
  ADD KEY `role_id` (`role_id`);

--
-- Indeksy dla tabeli `new_uczen`
--
ALTER TABLE `new_uczen`
    ADD PRIMARY KEY (`id`),
  ADD KEY `role_id` (`role_id`);

--
-- Indeksy dla tabeli `odpowiedz`
--
ALTER TABLE `odpowiedz`
    ADD PRIMARY KEY (`id`),
  ADD KEY `user_id` (`user_id`);

--
-- Indeksy dla tabeli `roles`
--
ALTER TABLE `roles`
    ADD PRIMARY KEY (`id`),
  ADD UNIQUE KEY `role` (`role`);

--
-- Indeksy dla tabeli `sprawdzian`
--
ALTER TABLE `sprawdzian`
    ADD PRIMARY KEY (`id`),
  ADD KEY `user_id` (`user_id`);

--
-- Indeksy dla tabeli `uczniowie`
--
ALTER TABLE `uczniowie`
    ADD PRIMARY KEY (`id`),
  ADD KEY `role_id` (`role_id`);

--
-- Indeksy dla tabeli `users`
--
ALTER TABLE `users`
    ADD PRIMARY KEY (`id`),
  ADD UNIQUE KEY `email` (`email`),
  ADD UNIQUE KEY `id` (`id`),
  ADD KEY `role_id` (`role_id`);

--
-- Indeksy dla tabeli `wszystko`
--
ALTER TABLE `wszystko`
    ADD PRIMARY KEY (`id`),
  ADD KEY `user_id` (`user_id`);

--
-- AUTO_INCREMENT dla zrzuconych tabel
--

--
-- AUTO_INCREMENT dla tabeli `kartkowka`
--
ALTER TABLE `kartkowka`
    MODIFY `id` int(11) NOT NULL AUTO_INCREMENT;

--
-- AUTO_INCREMENT dla tabeli `kontakty`
--
ALTER TABLE `kontakty`
    MODIFY `id` int(11) UNSIGNED NOT NULL AUTO_INCREMENT, AUTO_INCREMENT=12;

--
-- AUTO_INCREMENT dla tabeli `logs`
--
ALTER TABLE `logs`
    MODIFY `id` int(11) UNSIGNED NOT NULL AUTO_INCREMENT, AUTO_INCREMENT=258;

--
-- AUTO_INCREMENT dla tabeli `nauczyciele`
--
ALTER TABLE `nauczyciele`
    MODIFY `id` int(11) UNSIGNED NOT NULL AUTO_INCREMENT, AUTO_INCREMENT=8;

--
-- AUTO_INCREMENT dla tabeli `new_uczen`
--
ALTER TABLE `new_uczen`
    MODIFY `id` int(11) UNSIGNED NOT NULL AUTO_INCREMENT, AUTO_INCREMENT=3;

--
-- AUTO_INCREMENT dla tabeli `odpowiedz`
--
ALTER TABLE `odpowiedz`
    MODIFY `id` int(11) NOT NULL AUTO_INCREMENT;

--
-- AUTO_INCREMENT dla tabeli `roles`
--
ALTER TABLE `roles`
    MODIFY `id` tinyint(4) NOT NULL AUTO_INCREMENT, AUTO_INCREMENT=4;

--
-- AUTO_INCREMENT dla tabeli `sprawdzian`
--
ALTER TABLE `sprawdzian`
    MODIFY `id` int(11) NOT NULL AUTO_INCREMENT;

--
-- AUTO_INCREMENT dla tabeli `uczniowie`
--
ALTER TABLE `uczniowie`
    MODIFY `id` int(11) UNSIGNED NOT NULL AUTO_INCREMENT, AUTO_INCREMENT=12;

--
-- AUTO_INCREMENT dla tabeli `users`
--
ALTER TABLE `users`
    MODIFY `id` int(10) UNSIGNED NOT NULL AUTO_INCREMENT, AUTO_INCREMENT=216;

--
-- AUTO_INCREMENT dla tabeli `wszystko`
--
ALTER TABLE `wszystko`
    MODIFY `id` int(11) UNSIGNED NOT NULL AUTO_INCREMENT, AUTO_INCREMENT=12;

--
-- Ograniczenia dla zrzutów tabel
--

--
-- Ograniczenia dla tabeli `kartkowka`
--
ALTER TABLE `kartkowka`
    ADD CONSTRAINT `kartkowka_ibfk_1` FOREIGN KEY (`user_id`) REFERENCES `users` (`id`),
  ADD CONSTRAINT `kartkowka_ibfk_2` FOREIGN KEY (`user_id`) REFERENCES `users` (`id`);

--
-- Ograniczenia dla tabeli `kontakty`
--
ALTER TABLE `kontakty`
    ADD CONSTRAINT `kontakty_ibfk_1` FOREIGN KEY (`role_id`) REFERENCES `roles` (`id`);

--
-- Ograniczenia dla tabeli `logs`
--
ALTER TABLE `logs`
    ADD CONSTRAINT `logs_ibfk_1` FOREIGN KEY (`user_id`) REFERENCES `users` (`id`) ON DELETE CASCADE;

--
-- Ograniczenia dla tabeli `nauczyciele`
--
ALTER TABLE `nauczyciele`
    ADD CONSTRAINT `nauczyciele_ibfk_1` FOREIGN KEY (`role_id`) REFERENCES `roles` (`id`);

--
-- Ograniczenia dla tabeli `new_uczen`
--
ALTER TABLE `new_uczen`
    ADD CONSTRAINT `new_uczen_ibfk_1` FOREIGN KEY (`role_id`) REFERENCES `roles` (`id`);

--
-- Ograniczenia dla tabeli `odpowiedz`
--
ALTER TABLE `odpowiedz`
    ADD CONSTRAINT `odpowiedz_ibfk_1` FOREIGN KEY (`user_id`) REFERENCES `users` (`id`) ON DELETE CASCADE,
  ADD CONSTRAINT `odpowiedz_ibfk_2` FOREIGN KEY (`user_id`) REFERENCES `users` (`id`);

--
-- Ograniczenia dla tabeli `sprawdzian`
--
ALTER TABLE `sprawdzian`
    ADD CONSTRAINT `sprawdzian_ibfk_1` FOREIGN KEY (`user_id`) REFERENCES `users` (`id`),
  ADD CONSTRAINT `sprawdzian_ibfk_2` FOREIGN KEY (`user_id`) REFERENCES `users` (`id`);

--
-- Ograniczenia dla tabeli `uczniowie`
--
ALTER TABLE `uczniowie`
    ADD CONSTRAINT `uczniowie_ibfk_1` FOREIGN KEY (`role_id`) REFERENCES `roles` (`id`);

--
-- Ograniczenia dla tabeli `users`
--
ALTER TABLE `users`
    ADD CONSTRAINT `users_ibfk_1` FOREIGN KEY (`role_id`) REFERENCES `roles` (`id`);

--
-- Ograniczenia dla tabeli `wszystko`
--
ALTER TABLE `wszystko`
    ADD CONSTRAINT `wszystko_ibfk_1` FOREIGN KEY (`user_id`) REFERENCES `users` (`id`) ON DELETE CASCADE;
COMMIT;

/*!40101 SET CHARACTER_SET_CLIENT=@OLD_CHARACTER_SET_CLIENT */;
/*!40101 SET CHARACTER_SET_RESULTS=@OLD_CHARACTER_SET_RESULTS */;
/*!40101 SET COLLATION_CONNECTION=@OLD_COLLATION_CONNECTION */;
